,G0vsG1_Female,G0vsG1_Male,G0vsG1_total,G0vsG2_Female,G0vsG2_Male,G0vsG2_total,G0vsG3_Female,G0vsG3_Male,G0vsG3_total,G1vsG2_Female,G1vsG2_Male,G1vsG2_total,G1vsG3_Female,G1vsG3_Male,G1vsG3_total,G2vsG3_Female,G2vsG3_Male,G2vsG3_total
BMI,0.7909848149786229,0.5980006227795376,0.2565748913133401,0.09499904058321343,0.9650063171057915,0.18938821989280163,0.014576883384932921,0.04855548918088168,0.0017313800269615567,0.38841158841158835,0.7127872127872128,0.08552546392406542,0.42857142857142855,0.019314019314019312,0.03279881386554563,0.003996003996003996,0.05194805194805195,0.0007909681707475441
SSPG,0.9450549450549449,0.9061021286732354,0.8209433916145068,0.9018020163530999,0.3167781190302069,0.5745195662323594,0.004395604395604396,0.9090909090909092,0.012404986318029795,0.8333333333333333,0.5830249115137662,0.6697144496391437,0.1,1.0,0.08291708291708291,0.016666666666666666,0.5714285714285714,0.019392372333548805
Matsuda,0.6235294117647058,0.7618264088852323,0.4979797813778726,0.7012383900928792,0.7678987678987679,0.531436960096295,0.42857142857142855,0.945054945054945,0.6838420838420838,0.2571428571428571,0.5236985236985237,0.1661199704495876,0.8,0.6828282828282828,1.0,0.2857142857142857,1.0,0.5096153846153847
DI,0.8705882352941177,0.8967503085150144,0.27364779333606626,0.9660916998378299,0.7678987678987679,0.9706344377588946,0.14285714285714285,0.6353646353646354,0.012779812779812778,1.0,0.5236985236985237,0.23008418191625113,0.4,0.9333333333333333,0.15998707175177765,0.2857142857142857,0.2857142857142857,0.0086996336996337
isrMax (pmol/kg/min),0.8705882352941177,0.2742812742812743,0.6143247397302142,0.7653693056169837,0.9530469530469531,0.9120622069701244,0.14285714285714285,1.0,0.05288970288970289,0.9142857142857143,0.5236985236985237,0.5587598228708937,0.4,0.15353535353535355,0.03652230122818358,0.2857142857142857,1.0,0.14514652014652016
